department,college,concept
social foundations of education,college of education,social foundations of education
education systems improvement science,college of education,education systems improvement science
higher education and student affairs,college of education,higher education
higher education and student affairs,college of education,student affairs
human capital education and development,college of education,human capital development
human capital education and development,college of education,human capital education
english education,college of education,english education
biology,college of natural sciences,biology
chemistry,college of natural sciences,chemistry
physics,college of natural sciences,physics
mathematics,college of natural sciences,mathematics
"literacy, language and culture",college of education,culture
"literacy, language and culture",college of education,language
"literacy, language and culture",college of education,literacy
school psychology,college of education,school psychology
"secondary education, b.a.",college of education,secondary education
"leadership, policy, and lifelong learning",college of education,leadership
"leadership, policy, and lifelong learning",college of education,lifelong learning
"leadership, policy, and lifelong learning",college of education,policy
"mathematics teaching, b.s.",college of education,mathematics teaching
"elementary education, b.a.",college of education,elementary education
curriculum and instruction,college of education,curriculum
curriculum and instruction,college of education,instruction
career and technical/workforce education,college of education,career education
career and technical/workforce education,college of education,technical education
career and technical/workforce education,college of education,workforce education
"middle level education, b.s.",college of education,middle level education
"special education, b.a.",college of education,special education
"educational psychology, counseling, and special education",college of education,counseling
"educational psychology, counseling, and special education",college of education,educational psychology
"educational psychology, counseling, and special education",college of education,special education
social science education,college of education,social science education
learning design & technology,college of education,learning design
"early childhood education, b.a.",college of education,early childhood education
foreign language education,college of education,foreign language education
interdisciplinary education,college of education,interdisciplinary education
special education (online),college of education,special education
"secondary education, mat",college of education,secondary education
counselor education,college of education,counselor education
"language, literacy, ed.d., exceptional education, and physical education",college of education,exceptional education
"language, literacy, ed.d., exceptional education, and physical education",college of education,physical education
human resource development,college of education,human resource development
instructional technology,college of education,instructional technology
learning sciences,college of education,learning sciences
educational program development,college of education,educational program development
educational leadership and policy studies,college of education,educational leadership
educational leadership and policy studies,college of education,policy studies
"modern languages education, b.a.",college of education,modern languages education
"science teaching, b.s./b.a.",college of education,science teaching
educational and psychological studies,college of education,educational studies
educational and psychological studies,college of education,psychological studies
mathematics education,college of education,mathematics education
educational measurement and research,college of education,educational measurement
teacher education,college of education,teacher education
agricultural education,college of education,agricultural education
secondary stem education,college of education,secondary stem education
exceptional student education,college of education,exceptional student education
educational studies,college of education,educational studies
film and media studies,college of arts,film studies
film and media studies,college of arts,media studies
department of classics,college of arts,classics
arts and sciencesart (bfa) graphic design,college of arts,graphic design
3/24/25 department of art,college of arts,art
communicative disorders and sciences,college of arts,communicative disorders
communicative disorders and sciences,college of arts,communicative sciences
performing arts,college of arts,performing arts
department of communication,college of arts,communication
english and creative writing,college of arts,creative writing
english and creative writing,college of arts,english
arts and sciencesart (bfa) studio art,college of arts,studio art
theatre and dance,college of arts,dance
theatre and dance,college of arts,theatre
romance languages and literatures,college of arts,romance languages
romance languages and literatures,college of arts,romance literatures
jewish thought,college of arts,jewish thought
art and art history,college of arts,art
art and art history,college of arts,art history
arts management program,college of arts,arts management
department of comparative literature,college of arts,comparative literature
accounting (bs) academic plan,college of business,accounting
"accounting, finance and economics",college of business,accounting
"accounting, finance and economics",college of business,economics
"accounting, finance and economics",college of business,finance
kenneth g. dixon school of accounting,college of business,accounting
marketing and international business,college of business,international business
marketing and international business,college of business,marketing
marketing and international business,college of management,international business
marketing and international business,college of management,marketing
"marketing, hospitality, and logistics",college of business,hospitality
"marketing, hospitality, and logistics",college of business,logistics
"marketing, hospitality, and logistics",college of business,marketing
management information systems,college of business,management information systems
management information systems,college of management,management information systems
business information systems department,college of business,business information systems
"management, entrepreneurship, and technology",college of business,entrepreneurship
"management, entrepreneurship, and technology",college of business,management
"management, entrepreneurship, and technology",college of business,technology
"management, entrepreneurship, and technology",college of management,entrepreneurship
"management, entrepreneurship, and technology",college of management,management
"management, entrepreneurship, and technology",college of management,technology
human resource management,college of business,human resource management
"economics (ba, bs) economics ba economics business economics finance",college of business,business economics
"economics (ba, bs) economics ba economics business economics finance",college of business,economics
"economics (ba, bs) economics ba economics business economics finance",college of business,finance
human resources management,college of business,human resources management
business administration,college of business,business administration
supply chain management,college of business,supply chain management
"management, marketing and general business",college of business,general business
"management, marketing and general business",college of business,management
"management, marketing and general business",college of business,marketing
entrepreneurship department,college of business,entrepreneurship
the philip l. kintzele school of accounting,college of business,accounting
emergency medicine,college of medicine,emergency medicine
"obstetrics, gynecology and reproductive sciences",college of medicine,gynecology
"obstetrics, gynecology and reproductive sciences",college of medicine,obstetrics
"obstetrics, gynecology and reproductive sciences",college of medicine,reproductive sciences
physical medicine and rehabilitation,college of medicine,physical medicine
physical medicine and rehabilitation,college of medicine,rehabilitation
molecular medicine,college of medicine,molecular medicine
neurology and child development unit,college of medicine,child development
neurology and child development unit,college of medicine,neurology
radiation medicine,college of medicine,radiation medicine
anesthesia and perioperative medicine,college of medicine,anesthesia
anesthesia and perioperative medicine,college of medicine,perioperative medicine
pathology and laboratory medicine,college of medicine,laboratory medicine
pathology and laboratory medicine,college of medicine,pathology
"microbiology, immunology & molecular genetics",college of medicine,immunology
"microbiology, immunology & molecular genetics",college of medicine,microbiology
"microbiology, immunology & molecular genetics",college of medicine,molecular genetics
pulmonary disease,college of medicine,pulmonary disease
biochemistry & structural biology,college of medicine,biochemistry
biochemistry & structural biology,college of medicine,structural biology
immunology/infectious disease,college of medicine,immunology
immunology/infectious disease,college of medicine,infectious disease
"geriatrics, gerontology, & palliative",college of medicine,geriatrics
"geriatrics, gerontology, & palliative",college of medicine,gerontology
"geriatrics, gerontology, & palliative",college of medicine,palliative
classical hematology,college of medicine,classical hematology
genetic and genomic medicine,college of medicine,genetic medicine
genetic and genomic medicine,college of medicine,genomic medicine
orthopaedic surgery,college of medicine,orthopaedic surgery
health informatics,college of medicine,health informatics
allergy and immunology,college of medicine,allergy
allergy and immunology,college of medicine,immunology
"pulmonary, allergy, critical care, and sleep medicine",college of medicine,allergy medicine
"pulmonary, allergy, critical care, and sleep medicine",college of medicine,critical care medicine
"pulmonary, allergy, critical care, and sleep medicine",college of medicine,pulmonary medicine
"pulmonary, allergy, critical care, and sleep medicine",college of medicine,sleep medicine
pediatric surgery,college of medicine,pediatric surgery
transplantation surgery,college of medicine,transplantation surgery
general academic pediatrics (gap),college of medicine,general academic pediatrics
rheumatology and clinical immunology,college of medicine,clinical immunology
rheumatology and clinical immunology,college of medicine,rheumatology
hospital medicine,college of medicine,hospital medicine
plastic and reconstructive surgery,college of medicine,plastic surgery
plastic and reconstructive surgery,college of medicine,reconstructive surgery
leo m. davidoff department of neurological surgery,college of medicine,neurological surgery
obstetrics and gynecology,college of medicine,gynecology
obstetrics and gynecology,college of medicine,obstetrics
pharmacology and immunology,college of medicine,immunology
pharmacology and immunology,college of medicine,pharmacology
critical care medicine,college of medicine,critical care medicine
adolescent and young adult medicine,college of medicine,adolescent medicine
adolescent and young adult medicine,college of medicine,young adult medicine
pharmacology and chemical biology,college of medicine,chemical biology
pharmacology and chemical biology,college of medicine,pharmacology
newborn medicine,college of medicine,newborn medicine
regenerative medicine and cell biology,college of medicine,cell biology
regenerative medicine and cell biology,college of medicine,regenerative medicine
blood and marrow transplantation and cellular therapies,college of medicine,blood transplantation
blood and marrow transplantation and cellular therapies,college of medicine,cellular therapies
blood and marrow transplantation and cellular therapies,college of medicine,marrow transplantation
"endocrinology, diabetes and metabolism",college of medicine,diabetes
"endocrinology, diabetes and metabolism",college of medicine,endocrinology
"endocrinology, diabetes and metabolism",college of medicine,metabolism
"gastroenterology, hepatology, and nutrition",college of medicine,gastroenterology
"gastroenterology, hepatology, and nutrition",college of medicine,hepatology
"gastroenterology, hepatology, and nutrition",college of medicine,nutrition
the saul r. korey department of neurology,college of medicine,neurology
otolaryngology-head and neck surgery,college of medicine,head and neck surgery
otolaryngology-head and neck surgery,college of medicine,otolaryngology
cell systems & anatomy,college of medicine,anatomy
cell systems & anatomy,college of medicine,cell systems
trauma and general surgery,college of medicine,general surgery
trauma and general surgery,college of medicine,trauma surgery
general internal medicine,college of medicine,general internal medicine
orthopaedics and physical medicine & rehabilitation,college of medicine,orthopaedics
nephrology/renal disease,college of medicine,nephrology
vascular surgery,college of medicine,vascular surgery
geriatric medicine,college of medicine,geriatric medicine
biochemistry and molecular biology,college of medicine,biochemistry
biochemistry and molecular biology,college of medicine,molecular biology
biochemistry and molecular biology,college of natural sciences,biochemistry
biochemistry and molecular biology,college of natural sciences,molecular biology
infectious diseases,college of medicine,infectious diseases
endocrinology and metabolism,college of medicine,endocrinology
endocrinology and metabolism,college of medicine,metabolism
family medicine,college of medicine,family medicine
dominick p. purpura department of neuroscience,college of medicine,neuroscience
psychiatry and behavioral sciences,college of medicine,behavioral sciences
psychiatry and behavioral sciences,college of medicine,psychiatry
population health sciences,college of medicine,population health sciences
department of cellular & integrative physiology,college of medicine,cellular physiology
department of cellular & integrative physiology,college of medicine,integrative physiology
pulmonary medicine,college of medicine,pulmonary medicine
cardiothoracic surgery,college of medicine,cardiothoracic surgery
microbiology and molecular genetics,college of medicine,microbiology
microbiology and molecular genetics,college of medicine,molecular genetics
surgical oncology,college of medicine,surgical oncology
nuclear engineering & radiological sciences,college of engineering,nuclear engineering
nuclear engineering & radiological sciences,college of engineering,radiological sciences
biosystems engineering,college of engineering,biosystems engineering
engineering technology and industrial distribution,college of engineering,engineering technology
engineering technology and industrial distribution,college of engineering,industrial distribution
naval architecture & marine engineering,college of engineering,marine engineering
naval architecture & marine engineering,college of engineering,naval architecture
"textile engineering, chemistry and science",college of engineering,textile chemistry
"textile engineering, chemistry and science",college of engineering,textile engineering
"textile engineering, chemistry and science",college of engineering,textile science
r.f. smith school of chemical and biomolecular engineering,college of engineering,biomolecular engineering
r.f. smith school of chemical and biomolecular engineering,college of engineering,chemical engineering
industrial and systems engineering,college of engineering,industrial engineering
industrial and systems engineering,college of engineering,systems engineering
chemical and environmental engineering,college of engineering,chemical engineering
chemical and environmental engineering,college of engineering,environmental engineering
operations research and information engineering,college of engineering,information engineering
operations research and information engineering,college of engineering,operations research
industrial & operations engineering,college of engineering,industrial engineering
industrial & operations engineering,college of engineering,operations engineering
meinig school of biomedical engineering,college of engineering,biomedical engineering
computer science& engineering,college of engineering,computer science
computer science& engineering,college of engineering,engineering
data science,college of engineering,data science
ocean engineering,college of engineering,ocean engineering
chemical engineering,college of engineering,chemical engineering
chemical engineering and materials science,college of engineering,chemical engineering
chemical engineering and materials science,college of engineering,materials science
sibley school of mechanical and aerospace engineering,college of engineering,aerospace engineering
sibley school of mechanical and aerospace engineering,college of engineering,mechanical engineering
multidisciplinary engineering,college of engineering,multidisciplinary engineering
"civil, construction and environmental engineering",college of engineering,civil engineering
"civil, construction and environmental engineering",college of engineering,construction engineering
"civil, construction and environmental engineering",college of engineering,environmental engineering
macromolecular science & engineering,college of engineering,macromolecular engineering
macromolecular science & engineering,college of engineering,macromolecular science
biological and environmental engineering,college of engineering,biological engineering
biological and environmental engineering,college of engineering,environmental engineering
aerospace and mechanical engineering,college of engineering,aerospace engineering
aerospace and mechanical engineering,college of engineering,mechanical engineering
applied and engineering physics,college of engineering,applied physics
applied and engineering physics,college of engineering,engineering physics
electrical and computer engineering,college of engineering,computer engineering
electrical and computer engineering,college of engineering,electrical engineering
petroleum engineering,college of engineering,petroleum engineering
optical sciences and engineering,college of engineering,optical engineering
optical sciences and engineering,college of engineering,optical sciences
chemical & materials engineering,college of engineering,chemical engineering
chemical & materials engineering,college of engineering,materials engineering
electrical & biomedical engineering,college of engineering,biomedical engineering
electrical & biomedical engineering,college of engineering,electrical engineering
mining and geological engineering,college of engineering,geological engineering
mining and geological engineering,college of engineering,mining engineering
climate and space sciences & engineering,college of engineering,climate sciences
climate and space sciences & engineering,college of engineering,space engineering
climate and space sciences & engineering,college of engineering,space sciences
civil and architectural engineering and mechanics,college of engineering,architectural engineering
civil and architectural engineering and mechanics,college of engineering,civil engineering
civil and architectural engineering and mechanics,college of engineering,mechanics
tax law,college of law,tax law
health law,college of law,health law
environmental and energy law,college of law,energy law
environmental and energy law,college of law,environmental law
human rights,college of law,human rights
clinical legal education,college of law,clinical legal education
labor and employment law,college of law,employment law
labor and employment law,college of law,labor law
administrative law,college of law,administrative law
legal ethics and professional responsibility,college of law,legal ethics
legal ethics and professional responsibility,college of law,professional responsibility
corporate and securities law,college of law,corporate law
corporate and securities law,college of law,securities law
constitutional law,college of law,constitutional law
criminal law,college of law,criminal law
civil rights,college of law,civil rights
international and comparative law,college of law,comparative law
international and comparative law,college of law,international law
public interest law,college of law,public interest law
intellectual property and antitrust,college of law,antitrust
intellectual property and antitrust,college of law,intellectual property
legal history,college of law,legal history
legal writing and research,college of law,legal research
legal writing and research,college of law,legal writing
linguistic studies,college of language studies,linguistic studies
second language studies,college of language studies,second language studies
american sign language (asl),college of language studies,american sign language
indo-pacific languages and literatures,college of language studies,indo-pacific languages
indo-pacific languages and literatures,college of language studies,indo-pacific literatures
"german, department of",college of language studies,german
modern foreign language,college of language studies,modern foreign language
east asian languages and literatures,college of language studies,east asian languages
east asian languages and literatures,college of language studies,east asian literatures
"french and italian, department of",college of language studies,french
"french and italian, department of",college of language studies,italian
german and russian,college of language studies,german
german and russian,college of language studies,russian
english (engl),college of language studies,english
foreign languages arabic (arbc) chinese (chin) french (fren) japanese (jpns) spanish (span),college of language studies,arabic
foreign languages arabic (arbc) chinese (chin) french (fren) japanese (jpns) spanish (span),college of language studies,chinese
foreign languages arabic (arbc) chinese (chin) french (fren) japanese (jpns) spanish (span),college of language studies,foreign languages
foreign languages arabic (arbc) chinese (chin) french (fren) japanese (jpns) spanish (span),college of language studies,french
foreign languages arabic (arbc) chinese (chin) french (fren) japanese (jpns) spanish (span),college of language studies,japanese
foreign languages arabic (arbc) chinese (chin) french (fren) japanese (jpns) spanish (span),college of language studies,spanish
"world languages, literatures, and cultures, division of",college of language studies,world cultures
"world languages, literatures, and cultures, division of",college of language studies,world languages
"world languages, literatures, and cultures, division of",college of language studies,world literatures
"linguistics, department of",college of language studies,linguistics
comparative literature,college of language studies,comparative literature
english as a second language (esl),college of language studies,english as a second language
"classics, department of",college of language studies,classics
language teaching: tesol/tlote,college of language studies,language teaching
"spanish and portuguese, department of",college of language studies,portuguese
"spanish and portuguese, department of",college of language studies,spanish
"decision, risk, and operations",college of management,decision
"decision, risk, and operations",college of management,operations
"decision, risk, and operations",college of management,risk
business law and society,college of management,business law
business law and society,college of management,society
hslopez school of business analytics,college of management,business analytics
dhaliwal-reidy school of accountancy,college of management,accountancy
entrepreneurship & corporate innovation,college of management,corporate innovation
entrepreneurship & corporate innovation,college of management,entrepreneurship
management and organizations,college of management,management
management and organizations,college of management,organizations
social and behavioral sciences,college of public health,behavioral sciences
social and behavioral sciences,college of public health,social sciences
epidemiology & biostatistics,college of public health,biostatistics
epidemiology & biostatistics,college of public health,epidemiology
environmental health sciences,college of public health,environmental health sciences
public health - global health,college of public health,global health
public health - global health,college of public health,public health
health behavior and health promotion,college of public health,health behavior
health behavior and health promotion,college of public health,health promotion
"food systems, nutrition, and health",college of public health,food systems
"food systems, nutrition, and health",college of public health,health
"food systems, nutrition, and health",college of public health,nutrition
global health and population,college of public health,global health
global health and population,college of public health,population
community health sciences,college of public health,community health sciences
environmental and occupational health sciences,college of public health,environmental health sciences
environmental and occupational health sciences,college of public health,occupational health sciences
"population, family and reproductive health",college of public health,family health
"population, family and reproductive health",college of public health,reproductive health
international health,college of public health,international health
health policy and administration,college of public health,health administration
health policy and administration,college of public health,health policy
epidemiology & environmental health,college of public health,environmental health
epidemiology & environmental health,college of public health,epidemiology
health services management and policy,college of public health,health services management
immunology and infectious diseases,college of public health,immunology
immunology and infectious diseases,college of public health,infectious diseases
public health genetics,college of public health,public health genetics
health policy & management,college of public health,health management
health policy & management,college of public health,health policy
epidemiology and biostatistics,college of public health,biostatistics
epidemiology and biostatistics,college of public health,epidemiology
environmental health and engineering,college of public health,environmental engineering
environmental health and engineering,college of public health,environmental health
health management and informatics,college of public health,health informatics
health management and informatics,college of public health,health management
"health, behavior and society",college of public health,behavior
"health, behavior and society",college of public health,health
"health, behavior and society",college of public health,society
nutritional sciences,college of public health,nutritional sciences
"women, gender and sexuality studies",college of social sciences,gender studies
"women, gender and sexuality studies",college of social sciences,sexuality studies
"women, gender and sexuality studies",college of social sciences,women studies
political science,college of social sciences,political science
geography and environment,college of social sciences,environment
geography and environment,college of social sciences,geography
psychology and neuroscience,college of social sciences,neuroscience
psychology and neuroscience,college of social sciences,psychology
cognitive science,college of social sciences,cognitive science
psychological & brain sciences,college of social sciences,brain sciences
psychological & brain sciences,college of social sciences,psychological sciences
urban and regional planning,college of social sciences,regional planning
urban and regional planning,college of social sciences,urban planning
african & african american studies,college of social sciences,african american studies
african & african american studies,college of social sciences,african studies
medical laboratory science,college of health sciences,medical laboratory science
dental hygiene department,college of health sciences,dental hygiene
clinical laboratory technologies department,college of health sciences,clinical laboratory technologies
"hearing, speech and language sciences",college of health sciences,hearing sciences
"hearing, speech and language sciences",college of health sciences,language sciences
"hearing, speech and language sciences",college of health sciences,speech sciences
behavioral health & nutrition,college of health sciences,behavioral health
behavioral health & nutrition,college of health sciences,nutrition
"parks, recreation, exercise & sport science",college of health sciences,parks
"parks, recreation, exercise & sport science",college of health sciences,recreation
"parks, recreation, exercise & sport science",college of health sciences,sport science
medical & molecular sciences,college of health sciences,medical sciences
medical & molecular sciences,college of health sciences,molecular sciences
social and public health,college of health sciences,public health
social and public health,college of health sciences,social health
health studies department,college of health sciences,health studies
physical therapy,college of health sciences,physical therapy
kinesiology & applied physiology,college of health sciences,applied physiology
kinesiology & applied physiology,college of health sciences,kinesiology
human health sciences,college of health sciences,human health sciences
athletic training and clinical nutrition,college of health sciences,athletic training
athletic training and clinical nutrition,college of health sciences,clinical nutrition
"speech, language & hearing sciences",college of health sciences,hearing sciences
"speech, language & hearing sciences",college of health sciences,language sciences
"speech, language & hearing sciences",college of health sciences,speech sciences
food and nutrition sciences,college of health sciences,food sciences
food and nutrition sciences,college of health sciences,nutrition sciences
nursing department,college of health sciences,nursing
occupational science & occupational therapy,college of health sciences,occupational science
occupational science & occupational therapy,college of health sciences,occupational therapy
communication sciences and disorders,college of health sciences,communication disorders
communication sciences and disorders,college of health sciences,communication sciences
allied health professions,college of health sciences,allied health professions
health information technology department,college of health sciences,health information technology
public health sciences,college of health sciences,public health sciences
social work,college of health sciences,social work
clinical & diagnostic sciences,college of health sciences,clinical sciences
clinical & diagnostic sciences,college of health sciences,diagnostic sciences
"environmental & public health, administration & medical sciences",college of health sciences,environmental health
"environmental & public health, administration & medical sciences",college of health sciences,medical sciences
"environmental & public health, administration & medical sciences",college of health sciences,public health
radiologic technology department,college of health sciences,radiologic technology
health and clinical sciences,college of health sciences,clinical sciences
health and clinical sciences,college of health sciences,health sciences
exercise physiology,college of health sciences,exercise physiology
latin american and latino/a studies,college of humanities,latin american studies
latin american and latino/a studies,college of humanities,latino/a studies
ethnic studies,college of humanities,ethnic studies
ethnic studies,college of social sciences,ethnic studies
